relation,id1,id2,xs,xs1,ys,ys1
country,7,0,-70.23259,49.84967,-7.3184476,-19.283278
genre,6,4,-11.10823,57.861774,24.450407,3.9488409
country,11,0,-29.260683,49.84967,32.78167,-19.283278